﻿15-6 Main Indicators of Chain Retail Enterprises by Status of Registration (2019)
Item,"Number
of Head
Stores
(unit)","Number
of Stores
(unit)","Employed
Persons
at Year-
end
(10 000
persons)","Operating
Area of
Retail
Enterprises
at
Year-end
(10 000
sqm)","Total Sales
of Commo-
dities
(100
million
yuan)","Total
Purchases
Value
(100
million
yuan)","Centralized
Purchase
and
Delivery
(100
million
yuan)"
Total,2897,252656,226.6,18384.9,37256.9,31358.0,23356.3
Domestic Invested Enterprises,2630,221533,169.4,13847.3,27652.4,23492.3,18506.2
State-owned Enterprises,146,9934,8.8,951.5,3568.5,2876.8,2490.2
Collective-owned Enterprises,13,311,0.6,47.2,54.6,44.0,5.1
Cooperative Enterprises,6,348,0.4,43.4,111.5,150.4,141.1
Joint Ownership Enterprises,4,304,0.1,3.2,12.6,10.3,9.4
State Joint Ownership Enterprises,1,255,0.1,2.4,9.8,8.2,8.2
Collective Joint Ownership Enterprises,,,,,,,
Joint State-collective Enterprises,1,5,0.0,0.1,0.1,0.1,0.1
Other Joint Ownership Enterprises,2,44,0.0,0.7,2.7,2.1,1.1
Limited Liability Corporations,1101,90946,68.6,3485.9,8081.8,7209.8,6032.6
State Sole-proprietorship Corporations,29,1181,0.8,144.8,422.1,403.0,384.0
Other Limited Liability Corporations,1072,89765,67.8,3341.1,7659.7,6806.8,5648.6
Share-holding Corporations Ltd.,283,46510,51.1,7187.2,13030.7,10838.3,7846.2
Private Enterprises,1062,71424,39.0,2105.4,2761.4,2334.9,1955.1
Private Sole-proprietorship Enterprises,24,1088,0.4,13.8,29.1,23.6,22.6
Private Partnership Enterprises,3,401,0.1,6.1,6.1,5.1,4.1
Private Limited Liability Corporations,1002,62927,35.1,1953.1,2550.5,2166 3,1816.4
Private Share-holding Corporations Ltd.,33,7008,3.4,132.4,175.7,139.9,112.0
Other Enterprises,15,1756,0.8,23.5,31.4,27.7,26.5
Enterprises with Investment from,119,14058,20.9,1435.6,2528.7,1990.9,1484.0
"Hong Kong, Macao and Taiwan",,,,,,,
Joint-venture Enterprises,22,4170,2.8,491.0,309.3,231.0,196.7
Cooperative Enterprises,6,274,6.3,327.6,547.5,494.9,494.0
Sole-proprietorship Enterprises,87,9228,11.5,606.6,1649.1,1248.0,777.6
Share-holding Corporations Ltd.,3,222,0.3,9.9,21.2,15.7,14.6
Other Enterprises with Investment from,1,164,0.0,0.6,1.5,1.2,1.2
Hong Kong. Macao and Taiwan,,,,,,,
Foreign Invested Enterprises,148,17065,36.3,3102.0,7075.8,5874.8,3366.1
Joint-venture Enterprises,45,7570,12.4,1523.7,3309.1,2878.0,2293.4
Cooperative Enterprises,7,585,1.3,86.4,157.2,141.0,96.2
Sole-proprietorship Enterprises,83,6312,14.5,688.2,2302.5,1861.1,731.5
Share-holding Corporations Ltd.,9,1855,7.6,703.7,1051.2,827.8,78.1
Other Foreign Invested Enterprises,4,743,0.4,99 9,255.7,167.0,167.0