﻿15-7 Main Indicators of Chain Retail Enterprises by Sector
and Business Categories (2019)
Item,"Number
of Head
Stores
(unit)","Number
of Stores
(unit)","Employed
Persons
at Year-
end
(10 000
persons)","Operating
Area of
Retail
Enterprises
at Year-end
(10 000
sqm)","Total Sales
of Commo-
dities
(100
million
yuan)","Total
Purchases
Value
(100
million
yuan)","Centralized
Purchase
and
Delivery7
(100 million
yuan)"
"Total
By Sector",2897,252656,226.6,18384.9,37256.9,31358.0,23356.3
General Retail,780,68452,120.1,9145.3,12901.2,11404.9,6700.8
"Retail of Food. Beverages
and Tobaccos",170,20216,8.2,129.1,500.9,355.2,254.7
"Special Retail of Textiles. Garments
and Daily Consumer Articles",177,19993,14.0,427.7,1448.0,884.2,581.8
"Retail of Culture. Sports
Appliances and Equipments",93,3227,4.5,184.2,915.0,838.0,804.1
"Retail of Medicines and
Medical Appliances",970,82642,37.9,946.0,2077.4,1602.5,1426.9
"Retail of Motor Vehicles.
Motorcycles. Fuel and Parts",206,17030,11.8,3438.3,6621.4,4749.4,3921.3
"Special Retail of Household Electric
Appliances and Electronic Products",199,5878,8.6,861.4,3149.0,2997.3,2104.9
"Special Retail of Hardware. Furniture
and Interior Decoration Material",14,471,0.7,55.1,82.7,48.6,37.9
"Stalls. Non-Shop and Other Retails
By Business Categories",10,866,0.5,12.6,20.3,13.0,12.9
Convenience Store,127,31064,10.1,259.9,599.4,488.9,383.3
Discount Store,2,285,0.1,28.3,22.2,17.9,
Supermarket,361,26927,38.5,2091.4,3379.0,3108.2,2408.4
Hypermarket,151,5341,48.2,3793.1,4729.5,4156.3,2350.3
Warehouse Club,2,101,1.3,62.6,253.4,299.4,26.9
Department Store,95,4148,20.4,2653.9,3518.4,2980.4,1253.2
Specialty- Store,1702,139139,79.7,8677.9,21117.6,17584.8,15203.6
Gas Station,316,36236,23.6,6279.5,14245.2,11550.1,9940.5
Franchised Store,375,37511,25.1,672.7,3207.6,2377.8,1479.1
Building Material Store,11,53,0.2,17.3,33.6,23.8,12.9
Factory7 Outlets Center,7,630,0.4,14.8,72.7,61.2,59.5
Other Store,64,7457,2.6,113.0,323.5,259.4,179.2