﻿15-1 Main Indicators of Enterprises above Designated Size of Wholesale and Retail Trade
Item,2015,2016,2017,2018,2019
Wholesale and Retail Trade,,,,,
Number of Corporate Enterprises	(unit),183077,193371,200170,211515,242544
Employed Persons at Year-end (10 000 persons),1173.6,1193.6,1183.8,1184.5,1213.9
Total Purchases Value	(100 million wan),468071.7,506309.4,572287.8,616551.4,709505.3
Imports	(100 million wan),33943.6,35355.7,43743.8,45121.4,51415.4
Total Sales Value	(100 million yuan),515567.5,558877.6,630181.3,691162.1,782518.3
Exports	(100 million yuan),22719.5,21924.7,23617.1,26238.6,27436.1
"Total Stock at Year-end	(100 million wan)
Wholesale Trade",36591.7,38388.6,43397.0,42117.2,46410.0
Number of Corporate Enterprises	(unit),91819,95066,100988,113696,140075
Employed Persons at Year-end (10 000 persons),490.7,495.9,506.3,526.9,568.5
Total Purchases Value	(100 million wan),369538.9,397418.9,468165.4,516111.6,601908.8
Imports	(100 million wan),31249.6,32106.0,40754.0,42219.2,48241.8
Total Sales Value	(100 million yuan),401312.2,432265.3,507096.0,566174.2,652164.1
Exports	(100 million yuan),22631.4,21808.8,23544.6,26158.0,27346.3
"Total Stock at Year-end	(100 million wan)
Retail Trade",25378.5,27295.7,31609.0,31202.1,35036.0
Number of Corporate Enterprises	(unit),91258,98305,99182,97819,102469
Employed Persons at Year-end (10 000 persons),682 8,697.7,677.5,657.6,645.4
Total Purchases Value	(100 million wan),98532.7,108890.5,104122.4,100439.8,107596 6
Imports	(100 million wan),2694.0,3249.7,2989 8,2902.2,3173.6
Total Sales Value	(100 million yuan),114255.3,126612.3,123085.3,124987 9,130354.1
Exports	(100 million yuan),88.1,115.9,72.5,80 6,89 8
Total Stock at Year-end	(100 million wan),11213.2,11092.9,11788.0,10915.1,11374.0
"Business Area of Retail at Year-end
(10 000 sq.m)",32651.3,33905.3,33250.2,33764.8,36744.8