﻿Commodity Category,"Number of
Booths
(unit)","Turnover
(100 million
yuan)",Wholesale,Retail
Total,3045931,112016.8,98733.4,13283.4
Grain and OiL Food,882099,33735.7,30663.7,3072.1
Grain and Oil,78528,4316.3,4033.2,283
Meat. Poultry7 and Eggs,117747,4568.2,3657.1,911.2
Aquatic Products,126661,6660.7,5944.3,716.4
Vegetables,326150,7816.6,7200.2,616.4
Dried and Fresh Melons and Fruits,161232,8549.5,8293.3,256.2
Beverages,43016,1065.3,963.3,102
Tobacco and Liquor,30902,984.5,873.7,110.8
Clothing. Shoes. Hats and Textiles,812537,18452,17040.5,1411.5
Clothing,503654,7527.7,6534,993.7
Footwear and Hats,108317,1614.3,1379.7,234.6
Knitwear and Textiles,200566,9309 9,9126.7,183.2
Cosmetics,20834,262,199.3,62.7
Gold. Silver and Jewellery7,33707,1145,1031.7,113.2
Articles for Daily Use,149744,3132.6,2811.2,321.4
Hardware & Electrical Materials,109094,2401.7,2175.8,225.9
Sports & Recreational Articles,10078,157,135,21.9
Photographic Equipment,944,9.6,3.6,6
Newspapers and Magazines,2738,114.5,97.4,17.1
E-book and Video Products,2872,45.9,30.7,15.2
Household Appliances and Audio-visual Equipment,32307,615.4,503.4,112
Traditional Chinese and Western Medicine,32435,1662.6,1570.4,92.3
Western Medicine,1625,50.2,45.1,5.1
Traditional Chinese Medicine,30134,1588.6,1505.6,83.1
Cultural and Office Goods,47433,855.5,630.1,225.5
Computer and Related Equipment,20679,234.3,54.8,179.5
Furniture,106759,2187.7,1279.6,908
Communication Appliances,16373,275.8,207.9,67.9
Coal and Related Products,3053,270.5,269.3,1.1
Wood and Wooden Products,21677,593,538.8,54.2
Petroleum and Related Products,1223,1513,1512.1,0.9
Raw Chemical Materials and Related Products,21120,4346.6,4338.1,8.5
Fertilizer,2357,71.5,68.4,3.1
Metal Materials,84519,21497.2,21439.7,57.5
Building and Decoration Materials,260140,4731.3,3465.6,1265.7
Mechanical & Electrical Products,51212,1570,1539.5,30.5
Agricultural Machinery7,3812,184.4,179.5,4.9
Automobile,71210,6316.9,1636.5,4680.4
Seed and Feedstuff,4542,85.6,80.2,5.4
Cotton and Hemp,2678,310.5,307.9,2.6
Others,191629,3689.1,3391.9,297.1
