﻿Market Cate gory-,"Number
of
Markets
(unit)","Number
of
Booths
(unit)","Operating
Area
(10 000
sqm)","Turnover
(100
million
yuan)","Whole-
sale",Retail
Total,4037,3045931,28447.4,112016.8,98733.4,13283.4
General Markets,1194,1118787,7932.9,26895.2,23230.9,3664.3
Production Comprehensive Market,40,54824,800.6,1571.9,1510.1,61.8
Industrial Consumable Comprehensive Markets,217,370927,2522.8,7257.7,6285.4,972.4
Farm Produce Comprehensive Markets,634,369241,2485,13098.6,11326.5,1772.1
Other Comprehensive Markets,303,323795,2124.5,4967,4108.9,858.1
Specialized Markets,2843,1927144,20514.5,85121.6,75502.5,9619
Markets for Means of Production,510,250752,5523.3,30634.4,30386.5,247.9
Markets for Agricultural Production Equipment,11,3986,119.8,177.5,177.5,
Markets for Means of Agricultural Production,16,2912,46.4,105.8,105.8,
Coal and Charcoal Markets,3,2748,40.6,159,159,
Wood Markets,32,10818,302.8,356.7,356.7,
Building Material Markets,191,106206,2331.2,1896.1,1648.2,247.9
Chemical Materials and Products Markets,22,14787,192.9,4313.3,4313.3,
Metal Materials Markets,161,71422,1955.1,21137.3,21137.3,
Mechanical Equipment Markets,40,20898,288.7,841.3,841.3,
Others,34,16975,245.6,1647.5,1647.5,
Farm Produce Markets,796,470632,3949.4,19785.3,18787.3,998
Grain and Oil Markets,81,22327,325.7,1917.3,1885.4,31.9
Meat. Poultry and Eggs Markets,93,39955,375.5,2104.2,1882 7,221.5
Aquatic Products Markets,127,65105,458.3,4258.2,4131,127.2
Vegetables Markets,224,172658,1492.9,3879.8,3743,136.8
Dried and Fresh Melons and Fruits Markets,105,62521,589.5,3871.1,3868.3,2.8
Markets for Cotton. Local & Livestock Products.,11,18112,121.3,473,463.1,9.9
and Tobacco Leaves,,,,,,
Others,155,89954,586.3,3281.7,2813.8,467.9
Markets for Food. Beverages. Tobacco and Liquor,98,48021,333.2,1152.4,1050.9,101.5
Food and Beverages Markets,26,13716,66.6,208.5,171.2,37.3
Tea Markets,29,12684,125.6,308,278.4,29.5
Tobacco and Liquor Markets,8,2310,22.6,105,101.6,3.4
Others,35,19311,118.3,530.9,499.7,31.2
Markets for Textiles. Clothing. Shoes and Hats,421,591446,3402.5,15744.9,14806.3,938.5
Cloth and Textiles Markets,54,98056,1048.4,7180.8,7135.7,45.2
Clothing Markets,274,374842,1919,6278.5,5568.6,709.9
Shoes and Hats Markets,33,19646,119.1,489.1,481.3,7.8
Others,60,98902,316,1796 5,1620 8,175.7
Markets for Daily Use Articles and Cultural Goods,74,58521,364.7,1896.2,1831.2,65
Small Merchandise Markets,35,25728,146.6,579.9,557.8,22.1
Luggage Markets,5,11354,70.1,705.5,705.5,
Toys Markets,3,1350,32.3,30.9,30.9,
Stationary7 Markets,2,638,7.3,7.4,7.4,
Markets for Books. Newspapers and Magazines,4,696,5.6,32.4,14.2,18.2
Markets for Video and E-book Products,1,101,0.7,3.2,,3.2
Sports Article Markets,1,275,1.3,2,2,
Others,23,18379,100.9,534.9,513.4,21.5
"Gold. Jewelry, Jade Markets",24,22017,205,843.2,766.3,76.9
"Markets for Electrical Appliances. Communication
Appliances and Electronical Appliances",98,44653,292.1,563.9,275.2,288.8
Household Appliances Markets,29,10149,143.3,163.2,115.6,47.5
Communication Appliances Markets,16,8975,33.4,69,52.5,16.5
Cameras and Video Equipments Markets,2,406,1.6,6.3,2.7,3.6
Computer and Auxiliary Equipments Markets,44,21081,98.8,268.5,54,214.6
Others,7,4042,15,56.9,50.4,6.6
"Markets for Medicine. Medical Materials and
Medical Instruments",21,47388,319.3,1653,1571.9,81.2
Chinese Medicine Markets,21,47388,319.3,1653,1571.9,81.2
Others,,,,,,
"Markets for Furniture. Hardware and
Decoration Materials",494,267390,4241,5204.4,3236.6,1967.8
Furniture Markets,158,78304,1687.9,1618,901,717
Decoration Materials Markets,197,101730,1541.7,1890.7,1040.7,850
Lamps Markets,13,6530,102.8,220.7,185.3,35.4
"Markets for Kitchen Utensils and
Washing Equipment",3,1222,11.6,16.1,13.6,2.5
Hardware Materials Markets,67,42748,436.3,958.1,901.5,56.5
Others,56,36856,460.7,500.9,194.4,306.5
Markets for Cars. Motorcycles and Spare Parts,239,74373,1419.6,6172.5,1479.8,4692.7
Cars Markets,177,45156,1134.8,5360.4,748.3,4612.2
Motorcycles Markets,7,3080,22.8,38.1,25.2,12.9
Vehicle Spare Parts Markets,55,26137,262,773.9,706.3,67.6
Markets for Flower. Bird. Fish and Insects,23,20946,187.8,763.4,722.6,40.8
Flower Markets,19,19932,179.8,750.8,716.2,34.6
Bird Markets,,,,,,
Markets for Fish for Display,,,,,,
Others,4,1014,7.9,12.6,6.4,6.2
Second-hand Articles Markets,8,5188,16.2,23.2,3.8,19.4
Markets for Antiques. Calligraphy and Painting,1,300,1.3,1,,1
Stamps and Coins Markets,,,,,,
Markets for Others Second-hand Articles,7,4888,14.9,22.2,3.8,18.4
Other Specialized Markets,37,25817,260.4,684.8,584.1,100.6
