﻿15-12 Total Retail Sales of Consumer Goods
Region,2018,,2019,
,"Total Retail Sales
of Consumer Goods
(100 million yuan)","Growth Rate
(%)","Total Retail Sales
of Consumer Goods
(100 million yuan)","Growth Rate
(%)"
National Total,377783.1,8.8,408017.2,8.0
Beijing,14422.3,3.5,15063.7,4.4
Tianjin,4231.2,0.5,4218.2,-0.3
Hebei,11973.9,7.5,12985 5,8.4
Shanxi,6523.3,7.7,7030.5,7.8
Inner Mongolia,4852.3,4.5,5051.1,4.1
Liaoning,9112.8,4.8,9670.6,6.1
Jilin,4073.8,2.0,4212.9,3.4
Heilongjiang,5275.0,3.9,5603.9,6.2
Shanghai,14874.8,8.6,15847.6,6.5
Jiangsu,35472.6,8.1,37672.5,6.2
Zhejiang,25161.9,8.8,27343.8,8.7
Anhui,16156.2,12.8,17862.1,10.6
Fujian,17178.4,11.6,18896.8,10.0
Jiangxi,9045.7,11.4,10068.1,11.3
Shandong,27480.3,7.6,29251.2,6.4
Henan,21268.0,10.3,23476.1,10.4
Hubei,20598.2,11.2,22722.3,10.3
Hunan,15134.3,9.7,16683.9,10.2
Guangdong,39767.1,8.7,42951.8,8.0
Guangxi,7663.5,8.9,8200 9,7.0
Hainan,1852.7,7.1,1951.1,5.3
Chongqing,10705.2,9.6,11631.7,8.7
Sichuan,19340.7,11.1,21343.0,10.4
Guizhou,7105.0,10.2,7468.2,5.1
Yunnan,9197.3,12.2,10158.2,10.4
Tibet,711.8,15.0,773.4,8.7
Shaanxi,9510.3,10.4,10213.0,7.4
Gansu,3435.6,7.2,3700.3,7.7
Qinghai,899 9,6.8,948.5,5.4
Ningxia,1330.1,6.1,1399.4,5.2
Xinjiang,3429.1,5.5,3617.0,5.5
a) Figures of total retail sales of consumer goods of 2018 are revised according to the result of the fourth national economic census.
Figures of 2019 are adjusted accordingly.